,method,dataset,Average Accuracy,Average Training Time
0,MLP,wine_quality,0.5400959317818441,3.4607074737548826
1,MLP,congression_voting,0.9217758985200846,1.0102809906005858
2,MLP,bank_marketing,0.8596178406501517,11.061345338821411
