,method,dataset,Average F1,Average Training Time
0,MLP,wine_quality,0.4677703898119446,1.7736927032470704
1,MLP,congression_voting,0.9490670535321583,0.5975491523742675
2,MLP,bank_marketing,0.8642941076300268,2.5332173824310305
