method,dataset,Average F1,Average Training Time
RandomForest,wine_quality,0.6535136696737979,1.4914979934692383
RandomForest,congression_voting,0.9543804053607975,0.16321206092834473
RandomForest,bank_marketing,0.875507108348733,3.3464958667755127
